{"Latitude":43.062836942149012,"Longitude":-7.7082665016709484,"RealAirSpeed":1897856,"IndcAirSpeed":1707904,"Altitude":2225}